id,titulo,anio,duracion,sinopsis
1,Memoria Crepusculo,2018,143,Dolorum expedita eius vel quam. Adipisci optio nostrum vel.
2,Ultimo Destino,1983,114,Dignissimos aut alias nisi praesentium.
3,Imperio Verdad,1998,192,Qui illo doloremque dolor sint.
4,Caza Amanecer Final,2021,110,Magnam enim repellendus quasi.
5,Caza Olvido,1970,150,Nisi perferendis eum error corporis optio dolore. Eius nam nihil quasi cupiditate.
6,Origen Eternidad I,1999,95,Libero voluptas velit perferendis ratione eum impedit. Error delectus modi dolores.
7,Ultimo Verdad,2015,117,Similique corporis iure animi impedit.
8,Crepusculo Caza del Tiempo,2000,111,Minus harum ducimus ex aspernatur ipsum fuga. Quam deleniti eaque perferendis nobis sit deleniti.
9,Destino Imperio II,2008,145,Dolor distinctio tenetur esse tenetur distinctio deleniti. Quia quidem totam possimus.
10,Refugio Verdad,1987,178,Totam mollitia quod fugit modi facere.
11,Origen Cielo,2002,114,Maiores libero atque voluptatem iusto saepe.
12,Sombras Silencio,2023,155,Est aliquid sint qui accusamus mollitia.
13,Leyenda Primera,1979,137,Quam eos deserunt dolorem necessitatibus doloribus mollitia velit. Ducimus reprehenderit vitae odit laudantium cumque.
14,Imperio Amanecer,2005,177,Consequuntur molestias delectus suscipit. Minima saepe asperiores repellendus.
15,Imperio Codigo,1990,191,Impedit sapiente doloremque.
16,Memoria Caza del Tiempo,1984,189,Dolor iste aperiam.
17,Origen Estrellas,2000,170,Omnis accusamus minus illum accusantium quam modi. Accusantium repellat perferendis rem tenetur.
18,Codigo Codigo,2020,185,Minima dolores nulla dolorum.
19,Ultimo Verdad,1972,96,Recusandae aspernatur vero itaque doloribus. Error repudiandae aspernatur voluptatibus officiis.
20,Crepusculo Leyenda,1976,191,Illo fugiat labore odio.
21,Destino Reino,1999,81,Libero inventore quos natus.
22,Refugio Verdad,2011,99,Ullam dolorem temporibus porro necessitatibus earum unde.
23,Eternidad Amanecer,1986,123,Natus adipisci ut et vero nesciunt quibusdam.
24,Secreto Caza,1975,189,Error natus necessitatibus sed. Ex quidem consequuntur voluptates quam magnam voluptate.
25,Cielo Primera,1994,120,Ipsa saepe excepturi quisquam.
26,Ultimo Caza,2001,191,Voluptas eveniet odio quos iste dolorem. Velit inventore perspiciatis optio assumenda nulla reiciendis.
27,Imperio Estrellas,1985,160,Eaque fugit quos culpa.
28,Primera Silencio,2017,91,Facere at velit ipsam quis aut. Deleniti ipsum mollitia illum.
29,Origen Reino,2015,191,Explicabo at nisi eveniet.
30,Reino Destino III,1971,85,Eos harum assumenda. Temporibus voluptatem nemo cumque fugit consequuntur error.
31,Cielo Estrellas III,1997,98,Aperiam ipsa in laborum. Facere velit quam libero.
32,Tormenta Crepusculo,2013,181,Itaque consequatur ab id sapiente. Rem eveniet ex repellendus similique voluptate.
33,Olvido Olvido Final,1994,159,Eum veniam dicta et vitae.
34,Primera Tormenta,2007,98,Quasi odio voluptas quos eveniet. Repellendus hic beatae natus nihil.
35,Tormenta Destino,1999,112,Placeat mollitia veritatis iure. Ipsa eos possimus reprehenderit recusandae.
36,Primera Sombras,1999,195,Consequuntur esse dolorum culpa incidunt fugiat ipsum. Laboriosam id magni ullam porro molestiae ratione facere.
37,Silencio Primera,1974,136,Odit assumenda quisquam omnis explicabo officia aliquid voluptates. Vitae ex recusandae autem atque dolore.
38,Promesa Leyenda del Tiempo,2014,112,Neque nemo ipsum hic quo nihil magnam. Voluptatum laboriosam eos ullam assumenda rerum.
39,Destino Silencio del Tiempo,2024,141,Est iste dignissimos laboriosam labore ipsa.
40,Reino Tormenta,1992,153,Architecto aliquid quae ad exercitationem autem. Ut qui maiores mollitia.
41,Silencio Caza del Tiempo,1987,81,Incidunt iure reiciendis occaecati delectus omnis hic. Sunt ipsum inventore a dolor eius provident recusandae.
42,Leyenda Primera,1973,196,Reiciendis modi facilis deserunt. Ea similique minus odit.
43,Secreto Refugio,1988,179,Nostrum nesciunt expedita sapiente nulla repellendus. Ullam nihil perferendis est dolores.
44,Tormenta Secreto,1984,161,Fuga consequuntur harum nisi.
45,Memoria Secreto II,2010,92,In laborum modi ullam ut cupiditate. Laudantium consequuntur et iste.
46,Ultimo Ultimo del Tiempo,1972,154,Veritatis laborum deserunt fugit natus officiis.
47,Promesa Refugio III,1990,175,Impedit saepe laborum assumenda adipisci quis eos. Dolore enim quos natus quo.
48,Origen Olvido Final,1993,147,Magni nemo eaque molestiae voluptatibus molestiae quidem. Molestias voluptatibus aut rerum quibusdam error.
49,Crepusculo Camino,1986,196,Ea similique assumenda sint blanditiis repellat distinctio.
50,Amanecer Silencio,1991,182,Similique nostrum incidunt nulla quos repellendus. Necessitatibus minus nisi cumque.
51,Reino Destino,1979,176,Nemo veritatis maiores tempore repellendus.
52,Tormenta Primera,1995,188,Ullam voluptatibus sint consectetur sint dolorum.
53,Imperio Promesa del Tiempo,1970,113,Quis perspiciatis laudantium neque eaque. Fugiat asperiores recusandae quisquam illo quibusdam.
54,Imperio Reino,2013,175,Veniam eveniet a quo quasi quasi itaque. Sed recusandae id voluptas repudiandae libero.
55,Primera Camino,2022,161,Excepturi neque necessitatibus laborum exercitationem. Aliquid numquam saepe.
56,Promesa Reino,2000,83,Ut culpa itaque voluptatibus.
57,Secreto Imperio,2009,108,Voluptatum tenetur sunt error soluta. At facere assumenda optio officiis.
58,Ultimo Eternidad,1999,196,Numquam quas quidem inventore at atque.
59,Caza Silencio,1977,97,Aspernatur nisi maxime ipsum ab exercitationem blanditiis.
60,Estrellas Estrellas,2001,94,Labore dolorem at rem. Et sunt consequatur quo.
61,Reino Tormenta,1978,129,Architecto natus nostrum cum.
62,Destino Promesa,2017,169,Occaecati corrupti illum placeat similique. Tempore consequuntur commodi quas.
63,Imperio Origen,2016,99,Et consequuntur eius assumenda mollitia nobis. Eligendi velit ad sed soluta dignissimos non deleniti.
64,Origen Ultimo del Tiempo,2009,132,Officia quos recusandae dolores harum. Libero nisi minus voluptate voluptates.
65,Camino Estrellas,1983,136,Harum saepe in molestias. Quis veritatis quo accusantium.
66,Destino Tormenta,1976,167,Ea aliquam aperiam.
67,Promesa Imperio,2011,125,Enim quae quisquam incidunt illo odit modi. Eius est maiores dicta.
68,Estrellas Codigo I,2024,185,Eveniet nesciunt quis officiis officia est ipsa.
69,Destino Eternidad,2011,161,Doloribus unde blanditiis nostrum.
70,Secreto Sombras III,1985,96,Pariatur omnis cupiditate accusamus consequatur.
71,Leyenda Memoria Final,1983,155,Libero expedita maxime reprehenderit.
72,Memoria Tormenta,1979,180,Fuga quibusdam sit quasi.
73,Secreto Sombras II,1978,149,Ex inventore minima.
74,Camino Olvido I,1978,81,Occaecati libero magni animi similique cumque culpa.
75,Promesa Tormenta,1971,102,Perferendis beatae qui a similique accusamus aliquid.
76,Camino Estrellas del Tiempo,2003,94,Ullam debitis vero alias rem quae. Dolore dolorum totam eum repudiandae nemo.
77,Refugio Eternidad,2019,126,Perferendis amet dolore maiores aliquid id soluta.
78,Crepusculo Leyenda Final,1984,158,Eveniet mollitia ab dicta natus.
79,Estrellas Refugio,2012,146,Doloribus fuga voluptas voluptatum quod quasi molestias recusandae.
80,Silencio Destino,1971,87,Ut ad molestiae.
81,Amanecer Codigo,1976,142,A omnis sed quas aut minus.
82,Caza Destino I,1990,157,Laudantium animi voluptatum quae at ullam.
83,Verdad Eternidad Final,2010,154,Praesentium fuga voluptate assumenda atque consequatur. Asperiores necessitatibus ipsa vitae dolores ea.
84,Imperio Caza,2008,147,Praesentium quasi et earum asperiores dicta. Autem autem ipsum et blanditiis facere quo iste.
85,Silencio Destino,1997,92,Sequi at rem esse provident. Aliquam saepe eveniet at dolorum explicabo maiores perspiciatis.
86,Caza Reino,2011,192,Adipisci illo iste quibusdam.
87,Imperio Refugio,1997,137,Iure rem consequuntur accusamus.
88,Tormenta Origen,1999,131,Dicta id placeat vel.
89,Origen Refugio del Tiempo,1990,165,Nesciunt totam asperiores voluptatum deserunt officia repellat at.
90,Camino Promesa,2013,198,Aliquam itaque cumque nemo. Libero fugit incidunt explicabo tenetur eius.
91,Amanecer Eternidad I,1975,135,Alias nulla doloribus eos. Sunt laboriosam assumenda fugit in odit.
92,Reino Refugio,2021,96,Occaecati reiciendis recusandae voluptatibus quos. Laboriosam quos exercitationem natus eum earum.
93,Imperio Estrellas,2005,151,Nisi adipisci repellat eligendi repellat iusto.
94,Cielo Primera III,2012,200,Voluptatum voluptate aut omnis eaque repellendus totam animi. Nemo voluptatem harum vel voluptatibus.
95,Origen Refugio III,2008,119,Dolores et qui facere.
96,Promesa Reino,1983,99,Provident explicabo necessitatibus. Natus deleniti voluptates sunt.
97,Primera Amanecer I,1992,188,Est laudantium at doloremque dolor minima a. Dicta consectetur quaerat ullam sapiente eum accusantium nesciunt.
98,Imperio Promesa III,2006,108,Sed similique vero fuga.
99,Origen Imperio,2022,159,Aut error consequatur culpa veniam recusandae vero officiis. Provident natus suscipit nostrum.
100,Secreto Primera,1971,157,Pariatur repellendus fugiat quasi eos. Quas veniam veniam hic.
101,Primera Caza II,1987,169,Delectus et repellat. Dolore natus vel consequuntur quia dolores voluptatem cumque.
102,Silencio Cielo,1981,191,Ipsum eaque dolorum architecto ducimus autem.
103,Verdad Leyenda,1974,98,Harum quasi voluptas.
104,Refugio Ultimo,1975,175,Sunt expedita fugiat repudiandae ratione neque quis. Cum asperiores sapiente eos eum.
105,Crepusculo Memoria,1999,123,Exercitationem suscipit cum asperiores.
106,Olvido Promesa,1990,179,Nisi nostrum laboriosam adipisci velit cumque.
107,Leyenda Secreto I,1979,100,Amet ex voluptate illum. Quam quas eaque eligendi dolores amet nemo.
108,Secreto Estrellas,1987,136,Amet a assumenda reprehenderit. Nobis dicta ad cupiditate eos aspernatur sapiente est.
109,Primera Origen,1998,133,Laudantium optio at molestias delectus suscipit fuga. Aliquid ipsam ea saepe natus corrupti possimus.
110,Camino Memoria,1977,124,Pariatur repellat impedit quidem.
111,Origen Reino Final,2001,147,Aperiam harum minima vitae porro vel nemo.
112,Primera Silencio del Tiempo,2008,87,Error hic sequi alias necessitatibus maxime nemo.
113,Sombras Memoria,1983,178,Blanditiis quidem cupiditate voluptates. Repellat commodi incidunt voluptates ipsa.
114,Verdad Camino I,1970,143,Rerum ducimus tenetur totam. Assumenda nam mollitia sequi.
115,Refugio Origen del Tiempo,2004,170,Totam accusamus praesentium nesciunt quos beatae corrupti. Nihil quis velit unde natus aut enim.
116,Tormenta Crepusculo,2012,183,Soluta eaque omnis nemo labore cupiditate. Corporis non possimus aliquam suscipit ex.
117,Promesa Eternidad,2017,85,Quia ullam tempore.
118,Origen Sombras,1974,190,Repellendus esse eligendi laudantium possimus atque.
119,Cielo Leyenda,1995,170,Error quia quo eum.
120,Ultimo Origen del Tiempo,1971,121,Officia deleniti distinctio reprehenderit qui quis sint reprehenderit. Recusandae aperiam quae illo quos minima necessitatibus.
121,Olvido Secreto,2014,197,Soluta dicta animi alias amet.
122,Promesa Eternidad,1976,111,Earum reprehenderit magnam odio commodi. Doloribus laborum ipsum.
123,Origen Leyenda,1975,130,Mollitia exercitationem saepe ea rerum at ad amet. Quod dolor dolore dolore dignissimos officiis maiores.
124,Silencio Refugio,1991,179,Tenetur officia nobis ab dolorum rem esse.
125,Olvido Eternidad,1977,147,Tempora sed itaque dolor error maxime.
126,Crepusculo Memoria,1992,124,Nesciunt ab voluptatum vitae saepe natus. Non error autem aperiam voluptates odit similique ea.
127,Refugio Ultimo,1985,93,Corrupti quisquam tempore rem rem.
128,Verdad Camino Final,1979,177,Optio perspiciatis quam omnis voluptatum ea. Illo qui nesciunt voluptatum repellendus exercitationem.
129,Ultimo Eternidad del Tiempo,1999,176,Odit labore velit facere error cumque omnis.
130,Leyenda Leyenda,2006,162,Eos iusto qui quam. Quis delectus perspiciatis excepturi at explicabo quia.
131,Ultimo Secreto,2010,120,Ratione ex ea eos sed iusto.
132,Verdad Destino del Tiempo,2010,118,Velit architecto suscipit magnam sint fugit error amet. Consequuntur dicta illum necessitatibus.
133,Camino Leyenda Final,1974,119,Et quaerat quod laborum. Voluptates et animi iste distinctio quo nemo culpa.
134,Destino Destino III,2023,116,Nostrum odio illo vitae.
135,Eternidad Ultimo,2024,91,Alias dicta fuga. Tempora quidem minus.
136,Secreto Secreto,1999,154,Occaecati dolorum possimus.
137,Imperio Refugio,1998,196,Consectetur fugit nihil cumque reprehenderit. Veniam iste maxime minima inventore.
138,Leyenda Ultimo Final,2000,144,Voluptatum laudantium quibusdam cumque tenetur repellat.
139,Verdad Estrellas,2021,195,Dolore voluptates distinctio accusantium magnam.
140,Cielo Caza II,1972,111,Quae recusandae fugiat odit quo numquam.
141,Caza Destino,2003,146,Optio officiis accusantium. Impedit fugit molestias labore.
142,Secreto Olvido,1988,129,Possimus occaecati error optio optio.
143,Origen Cielo,1973,181,Non consequatur rerum autem quaerat blanditiis beatae autem.
144,Ultimo Ultimo,1991,92,Dicta ea minima dicta provident eos aliquam libero.
145,Imperio Primera,1986,172,Ex a perferendis tenetur saepe pariatur corrupti.
146,Primera Secreto,1991,90,Asperiores quam temporibus officia itaque voluptate eaque.
147,Leyenda Primera III,1989,163,Repellat soluta sequi facere.
148,Caza Primera,2008,170,Qui atque quidem aliquid sequi optio. Eveniet tempora veritatis eaque.
149,Eternidad Silencio,2011,181,Repellendus delectus id vitae earum harum.
150,Cielo Verdad,2023,174,Officiis reiciendis beatae possimus animi velit. Aut tenetur laboriosam necessitatibus.
151,Primera Crepusculo del Tiempo,2002,126,Nostrum quod nostrum similique. Laboriosam laborum suscipit ipsam.
152,Sombras Promesa,1983,123,Omnis accusamus sit minima quia.
153,Amanecer Memoria II,1979,89,Voluptate pariatur excepturi minima praesentium. Inventore quas laboriosam optio.
154,Silencio Reino,2004,186,Saepe nam voluptates amet. Magni iusto libero cumque.
155,Refugio Crepusculo III,2019,159,Dolores voluptas amet dolore officia illo. Aspernatur ipsam nemo at libero.
156,Verdad Secreto,1980,103,Voluptatem quia accusantium illo. Nam a at.
157,Caza Secreto,1980,172,Odit tempora natus omnis itaque exercitationem repudiandae repellendus. Ex quisquam nobis quaerat facilis iste atque.
158,Destino Estrellas,2013,172,Exercitationem rerum vitae.
159,Tormenta Destino,2018,175,Minima praesentium aliquid cum consequuntur quaerat quam.
160,Destino Tormenta,1989,183,Nostrum deleniti ut hic itaque.
161,Amanecer Memoria,2006,136,Autem impedit unde saepe nihil quo.
162,Destino Silencio,2002,147,Omnis vero consequatur libero minus aliquid vel. Laboriosam magni ullam debitis neque quas consectetur harum.
163,Origen Olvido,2021,157,Sunt magnam harum voluptatem totam quis earum vitae. Iste consequatur impedit praesentium quibusdam.
164,Verdad Camino del Tiempo,1993,150,Similique quae vel odio dicta numquam enim.
165,Reino Caza,2024,95,Voluptatem officiis vero magnam. Quae quis natus nesciunt velit quae.
166,Silencio Eternidad,1987,137,Soluta in accusamus autem fugit. Pariatur dicta quibusdam.
167,Crepusculo Verdad,1975,196,Placeat corporis aperiam quos dignissimos.
168,Tormenta Destino,1971,133,Facere iste nulla. Sint quia natus dolores quos reiciendis enim.
169,Estrellas Codigo,1985,129,Harum vero voluptate est mollitia accusamus.
170,Eternidad Promesa III,1976,187,Nulla quos sit rerum tenetur.
171,Caza Ultimo,1979,97,Molestias nobis quod vitae eos debitis placeat deleniti. Quasi blanditiis aliquam eius.
172,Estrellas Silencio,2000,169,Cum sapiente ab iure.
173,Verdad Caza,2009,80,Corrupti eum amet.
174,Eternidad Sombras II,2005,200,Sapiente error ratione mollitia asperiores provident minima vero. Architecto magnam impedit modi at dolore distinctio.
175,Refugio Secreto,1977,179,Facere dolor quibusdam minus voluptatum reprehenderit. Beatae exercitationem dolores.
176,Silencio Tormenta,1973,110,Doloribus aliquam suscipit fugit recusandae beatae ducimus quam. Tenetur reprehenderit fugiat.
177,Origen Ultimo,1999,88,Laborum eos officiis eum aspernatur atque voluptas. Modi occaecati distinctio occaecati distinctio placeat saepe.
178,Reino Amanecer,1971,160,Repudiandae soluta qui ipsa repellendus asperiores placeat.
179,Crepusculo Leyenda II,1988,134,Quaerat alias asperiores debitis dolorum architecto reprehenderit.
180,Sombras Secreto,2006,133,Harum occaecati inventore accusantium perferendis modi.
181,Olvido Primera,2003,126,Quidem nesciunt praesentium asperiores. Autem ratione error assumenda quisquam ipsa hic.
182,Eternidad Crepusculo,2020,144,Culpa dolore quia reiciendis sed eos odio.
183,Imperio Sombras,2000,85,Vero accusamus soluta consequuntur aliquam nemo.
184,Ultimo Codigo,1986,175,Molestias assumenda distinctio qui quas distinctio temporibus. Consequuntur delectus nulla dolorum beatae perferendis necessitatibus.
185,Sombras Promesa,1992,110,Itaque mollitia enim architecto atque quas laborum.
186,Refugio Primera,2019,154,Consectetur omnis aut nulla tempore et. Eveniet optio possimus corrupti necessitatibus repellat vero.
187,Refugio Cielo III,2004,123,Et quos quae.
188,Ultimo Olvido,2013,139,Saepe consequatur quasi soluta iure. Quod laborum autem officia aspernatur eligendi.
189,Caza Amanecer,2021,97,Deserunt quasi occaecati quas tempora sed occaecati.
190,Eternidad Caza,1999,84,Illo nihil temporibus mollitia molestiae voluptatum iusto quod. Hic tempora nihil similique consequatur magnam.
191,Silencio Memoria II,1972,120,Facilis ab dolores vitae voluptatem placeat.
192,Silencio Crepusculo,2022,149,Ipsum debitis veniam optio. Quasi laboriosam facere dolor.
193,Amanecer Camino II,1988,125,Aperiam fuga aliquam dignissimos tenetur. Harum ullam sunt aliquam officiis aut.
194,Estrellas Ultimo,1977,182,Rerum ea molestias cupiditate officiis. Nesciunt tempore aspernatur dolorum voluptate dolore.
195,Promesa Origen,2017,136,Repellendus exercitationem recusandae suscipit ab sunt. Cumque aspernatur officia distinctio deleniti facere.
196,Codigo Cielo,2001,168,Impedit ex beatae perferendis laboriosam.
197,Amanecer Promesa,2003,114,Officia illum doloribus consectetur. Cum occaecati aliquam nemo animi ea debitis vero.
198,Eternidad Refugio,1997,157,Odit soluta quas reprehenderit veniam dolor non. Sint cupiditate rerum nobis recusandae reprehenderit delectus.
199,Olvido Imperio I,1975,121,Cumque placeat ullam nisi architecto. Harum autem dicta similique magnam in.
200,Primera Silencio,2008,171,Atque labore nostrum aliquam quos magnam blanditiis laboriosam.
